{
    "inference_id": "e1629719-307a-4fc2-9c3c-81de053093f3",
    "time": 0.09026913499997136,
    "image": {
        "width": 800,
        "height": 800
    },
    "predictions": [
        {
            "x": 279.0,
            "y": 457.0,
            "width": 286.0,
            "height": 208.0,
            "confidence": 0.8464518189430237,
            "class": "damaged",
            "class_id": 0,
            "detection_id": "89c4d434-7715-4fe8-b6f2-d2e6db028cea"
        },
        {
            "x": 30.0,
            "y": 294.0,
            "width": 60.0,
            "height": 274.0,
            "confidence": 0.6924710869789124,
            "class": "damaged",
            "class_id": 0,
            "detection_id": "3a060e1d-023c-4201-954d-f592213233f8"
        }
    ],
    "detections_count": {
        "fine": 0,
        "unripe": 0,
        "overripe": 0,
        "damaged": 2
    }
}